txn_id,accm_txn_complete_time
B-04.2015-01-0001,3/31/2026 9:00
B-04.2015-01-0001,3/31/2026 9:45
B-04.2015-01-0001,3/31/2026 10:30
B-04.2015-09-0001,3/31/2026 11:15
B-04.2015-09-0002,3/31/2026 12:00
B-04.2015-09-0002,3/31/2026 12:45
B-04.2015-09-0002,3/31/2026 13:30
B-04.2015-09-0002,3/31/2026 14:15
B-04.2015-09-0002,3/31/2026 15:00
B-04.2015-09-0002,3/31/2026 15:45
B-04.2015-09-0003,3/31/2026 16:30
B-04.2015-09-0003,3/31/2026 17:15
B-04.2015-09-0003,3/31/2026 18:00
B-04.2015-09-0004,3/31/2026 18:45
B-04.2015-09-0005,3/31/2026 19:30
B-04.2015-09-0006,3/31/2026 20:15
B-04.2015-09-0006,3/31/2026 21:00
B-04.2015-09-0006,3/31/2026 21:45
B-04.2015-09-0006,3/31/2026 22:30
B-04.2015-09-0007,3/31/2026 23:15
